[
    {
        "model": "info.TicketCategory",
        "pk": 1,
        "fields": {
            "name": "Installation"
        }
    },
    {
        "model": "info.TicketCategory",
        "pk": 2,
        "fields": {
            "name": "Outages"
        }
    },
    {
        "model": "info.TicketCategory",
        "pk": 3,
        "fields": {
            "name": "Authentication"
        }
    },
    {
        "model": "info.TicketCategory",
        "pk": 4,
        "fields": {
            "name": "Authorization"
        }
    },
    {
        "model": "info.TicketCategory",
        "pk": 5,
        "fields": {
            "name": "Single Sign-On"
        }
    },
    {
        "model": "info.TicketCategory",
        "pk": 6,
        "fields": {
            "name": "Logout"
        }
    },
    {
        "model": "info.TicketCategory",
        "pk": 7,
        "fields": {
            "name": "Access Management"
        }
    },
    {
        "model": "info.TicketCategory",
        "pk": 8,
        "fields": {
            "name": "Identity Management"
        }
    },
    {
        "model": "info.TicketCategory",
        "pk": 9,
        "fields": {
            "name": "Upgrade"
        }
    },
    {
        "model": "info.TicketCategory",
        "pk": 10,
        "fields": {
            "name": "Maintenance"
        }
    },
    {
        "model": "info.TicketCategory",
        "pk": 11,
        "fields": {
            "name": "Customization"
        }
    },
    {
        "model": "info.TicketCategory",
        "pk": 12,
        "fields": {
            "name": "Feature Request"
        }
    },
    {
        "model": "info.TicketCategory",
        "pk": 13,
        "fields": {
            "name": "Other"
        }
    },
    {
        "model": "info.GluuOS",
        "pk": 1,
        "fields": {
            "name": "Ubuntu"
        }
    },
    {
        "model": "info.GluuOS",
        "pk": 2,
        "fields": {
            "name": "CentOS"
        }
    },
    {
        "model": "info.GluuOS",
        "pk": 3,
        "fields": {
            "name": "RHEL"
        }
    },
    {
        "model": "info.GluuOS",
        "pk": 4,
        "fields": {
            "name": "Debian"
        }
    },
    {
        "model": "info.GluuOS",
        "pk": 5,
        "fields": {
            "name": "Other"
        }
    },
    {
        "model": "info.GluuProduct",
        "pk": 1,
        "fields": {
            "name": "OXD"
        }
    },
    {
        "model": "info.GluuProduct",
        "pk": 2,
        "fields": {
            "name": "Super Gluu"
        }
    },
    {
        "model": "info.GluuProduct",
        "pk": 3,
        "fields": {
            "name": "Cluster Manager"
        }
    },
    {
        "model": "info.GluuProduct",
        "pk": 4,
        "fields": {
            "name": "Cred Manager"
        }
    },
    {
        "model": "info.GluuServer",
        "pk": 1,
        "fields": {
            "name": "3.1.4"
        }
    },
    {
        "model": "info.GluuServer",
        "pk": 2,
        "fields": {
            "name": "3.1.3"
        }
    },
    {
        "model": "info.GluuServer",
        "pk": 3,
        "fields": {
            "name": "3.1.2"
        }
    },
    {
        "model": "info.GluuServer",
        "pk": 4,
        "fields": {
            "name": "3.1.1"
        }
    },
    {
        "model": "info.GluuServer",
        "pk": 5,
        "fields": {
            "name": "3.1.0"
        }
    },
    {
        "model": "info.GluuServer",
        "pk": 6,
        "fields": {
            "name": "3.0.2"
        }
    },
    {
        "model": "info.GluuServer",
        "pk": 7,
        "fields": {
            "name": "3.0.1"
        }
    },
    {
        "model": "info.GluuServer",
        "pk": 8,
        "fields": {
            "name": "2.4.4"
        }
    },
    {
        "model": "info.GluuServer",
        "pk": 9,
        "fields": {
            "name": "2.4.3"
        }
    },
    {
        "model": "info.GluuServer",
        "pk": 10,
        "fields": {
            "name": "2.4.2"
        }
    },
    {
        "model": "info.GluuServer",
        "pk": 11,
        "fields": {
            "name": "Other"
        }
    },
    {
        "model": "info.TicketIssueType",
        "pk": 1,
        "fields": {
            "name": "Production Outage",
            "priority": "high"
        }
    },
    {
        "model": "info.TicketIssueType",
        "pk": 2,
        "fields": {
            "name": "Production Impaired",
            "priority": "high"
        }
    },
    {
        "model": "info.TicketIssueType",
        "pk": 3,
        "fields": {
            "name": "Pre-Production Issue"
        }
    },
    {
        "model": "info.TicketIssueType",
        "pk": 4,
        "fields": {
            "name": "Minor Issue"
        }
    },
    {
        "model": "info.TicketIssueType",
        "pk": 5,
        "fields": {
            "name": "New Development Issue"
        }
    },
    {
        "model": "info.Permission",
        "pk": 1,
        "fields": {
            "app_name": "profiles",
            "model_name": "User",
            "actions": "add_staff, remove_staff",
            "description": "Add and remove staff"
        }
    },
    {
        "model": "info.Permission",
        "pk": 2,
        "fields": {
            "app_name": "billing",
            "model_name": "Billing",
            "actions": "retrieve, list",
            "description": "View billing information"
        }
    },
    {
        "model": "info.Permission",
        "pk": 3,
        "fields": {
            "app_name": "billing",
            "model_name": "Billing",
            "actions": "update",
            "description": "Change billing information"
        }
    },
    {
        "model": "info.Permission",
        "pk": 4,
        "fields": {
            "app_name": "tickets",
            "model_name": "Ticket",
            "actions": "assign",
            "description": "Assign tickets"
        }
    },
    {
        "model": "info.Permission",
        "pk": 5,
        "fields": {
            "app_name": "tickets",
            "model_name": "Ticket",
            "actions": "retrieve, list",
            "description": "View tickets"
        }
    },
    {
        "model": "info.Permission",
        "pk": 6,
        "fields": {
            "app_name": "tickets",
            "model_name": "Ticket",
            "actions": "create, update",
            "description": "Create tickets"
        }
    },
    {
        "model": "info.Permission",
        "pk": 7,
        "fields": {
            "app_name": "tickets",
            "model_name": "Answer",
            "actions": "create, update, destroy", 
            "description": "Respond to tickets"
        }
    },
    {
        "model": "info.Permission",
        "pk": 8,
        "fields": {
            "app_name": "profiles",
            "model_name": "User",
            "actions": "change_role",
            "description": "Change member roles"
        }
    },
    {
        "model": "info.Permission",
        "pk": 9,
        "fields": {
            "app_name": "profiles",
            "model_name": "Company",
            "actions": "invite, remove_member",
            "description": "Add and remove members"
        }
    },
    {
        "model": "info.UserRole",
        "pk": 1,
        "fields": {
            "name": "staff",
            "permissions": [1, 2, 3, 4, 5, 6, 7, 8, 9]
        }
    },
    {
        "model": "info.UserRole",
        "pk": 2,
        "fields": {
            "name": "admin",
            "permissions": [2, 3, 5, 6, 7, 8, 9]
        }
    },
    {
        "model": "info.UserRole",
        "pk": 3,
        "fields": {
            "name": "named",
            "permissions": [5, 6, 7]
        }
    },
    {
        "model": "info.UserRole",
        "pk": 4,
        "fields": {
            "name": "user",
            "permissions": [5]
        }
    },
    {
        "model": "info.TicketStatus",
        "pk": 1,
        "fields": {
            "name": "new"
        }
    },
    {
        "model": "info.TicketStatus",
        "pk": 2,
        "fields": {
            "name": "assigned"
        }
    },
    {
        "model": "info.TicketStatus",
        "pk": 3,
        "fields": {
            "name": "inprogress"
        }
    },
    {
        "model": "info.TicketStatus",
        "pk": 4,
        "fields": {
            "name": "pending"
        }
    },
    {
        "model": "info.TicketStatus",
        "pk": 5,
        "fields": {
            "name": "close"
        }
    }
]