[
    {
        "model": "info.TicketCategory",
        "pk": 1,
        "fields": {
            "name": "Installation"
        }
    },
    {
        "model": "info.TicketCategory",
        "pk": 2,
        "fields": {
            "name": "Outages"
        }
    },
    {
        "model": "info.TicketCategory",
        "pk": 3,
        "fields": {
            "name": "Authentication"
        }
    },
    {
        "model": "info.TicketCategory",
        "pk": 4,
        "fields": {
            "name": "Authorization"
        }
    },
    {
        "model": "info.TicketCategory",
        "pk": 5,
        "fields": {
            "name": "Single Sign-On"
        }
    },
    {
        "model": "info.TicketCategory",
        "pk": 6,
        "fields": {
            "name": "Logout"
        }
    },
    {
        "model": "info.TicketCategory",
        "pk": 7,
        "fields": {
            "name": "Access Management"
        }
    },
    {
        "model": "info.TicketCategory",
        "pk": 8,
        "fields": {
            "name": "Identity Management"
        }
    },
    {
        "model": "info.TicketCategory",
        "pk": 9,
        "fields": {
            "name": "Upgrade"
        }
    },
    {
        "model": "info.TicketCategory",
        "pk": 10,
        "fields": {
            "name": "Maintenance"
        }
    },
    {
        "model": "info.TicketCategory",
        "pk": 11,
        "fields": {
            "name": "Customization"
        }
    },
    {
        "model": "info.TicketCategory",
        "pk": 12,
        "fields": {
            "name": "Feature Request"
        }
    },
    {
        "model": "info.TicketCategory",
        "pk": 13,
        "fields": {
            "name": "Other"
        }
    },
    {
        "model": "info.GluuOS",
        "pk": 1,
        "fields": {
            "name": "Ubuntu"
        }
    },
    {
        "model": "info.GluuOS",
        "pk": 2,
        "fields": {
            "name": "CentOS"
        }
    },
    {
        "model": "info.GluuOS",
        "pk": 3,
        "fields": {
            "name": "RHEL"
        }
    },
    {
        "model": "info.GluuOS",
        "pk": 4,
        "fields": {
            "name": "Debian"
        }
    },
    {
        "model": "info.GluuOS",
        "pk": 5,
        "fields": {
            "name": "Other"
        }
    },
    {
        "model": "info.GluuProduct",
        "pk": 1,
        "fields": {
            "name": "OXD"
        }
    },
    {
        "model": "info.GluuProduct",
        "pk": 2,
        "fields": {
            "name": "Super Gluu"
        }
    },
    {
        "model": "info.GluuProduct",
        "pk": 3,
        "fields": {
            "name": "Cluster Manager"
        }
    },
    {
        "model": "info.GluuProduct",
        "pk": 4,
        "fields": {
            "name": "Cred Manager"
        }
    },
    {
        "model": "info.GluuServer",
        "pk": 1,
        "fields": {
            "name": "3.1.4"
        }
    },
    {
        "model": "info.GluuServer",
        "pk": 2,
        "fields": {
            "name": "3.1.3"
        }
    },
    {
        "model": "info.GluuServer",
        "pk": 3,
        "fields": {
            "name": "3.1.2"
        }
    },
    {
        "model": "info.GluuServer",
        "pk": 4,
        "fields": {
            "name": "3.1.1"
        }
    },
    {
        "model": "info.GluuServer",
        "pk": 5,
        "fields": {
            "name": "3.1.0"
        }
    },
    {
        "model": "info.GluuServer",
        "pk": 6,
        "fields": {
            "name": "3.0.2"
        }
    },
    {
        "model": "info.GluuServer",
        "pk": 7,
        "fields": {
            "name": "3.0.1"
        }
    },
    {
        "model": "info.GluuServer",
        "pk": 8,
        "fields": {
            "name": "2.4.4"
        }
    },
    {
        "model": "info.GluuServer",
        "pk": 9,
        "fields": {
            "name": "2.4.3"
        }
    },
    {
        "model": "info.GluuServer",
        "pk": 10,
        "fields": {
            "name": "2.4.2"
        }
    },
    {
        "model": "info.GluuServer",
        "pk": 11,
        "fields": {
            "name": "Other"
        }
    },
    {
        "model": "info.TicketIssueType",
        "pk": 1,
        "fields": {
            "name": "Production Outage",
            "priority": "high"
        }
    },
    {
        "model": "info.TicketIssueType",
        "pk": 2,
        "fields": {
            "name": "Production Impaired",
            "priority": "high"
        }
    },
    {
        "model": "info.TicketIssueType",
        "pk": 3,
        "fields": {
            "name": "Pre-Production Issue"
        }
    },
    {
        "model": "info.TicketIssueType",
        "pk": 4,
        "fields": {
            "name": "Minor Issue"
        }
    },
    {
        "model": "info.TicketIssueType",
        "pk": 5,
        "fields": {
            "name": "New Development Issue"
        }
    },
    {
        "model": "profiles.Permission",
        "pk": 1,
        "fields": {
            "app_name": "profiles",
            "model_name": "User",
            "actions": "add_staff, remove_staff",
            "description": "Add and remove staff"
        }
    },
    {
        "model": "profiles.Permission",
        "pk": 2,
        "fields": {
            "app_name": "billing",
            "model_name": "Billing",
            "actions": "retrieve, list",
            "description": "View billing information"
        }
    },
    {
        "model": "profiles.Permission",
        "pk": 3,
        "fields": {
            "app_name": "billing",
            "model_name": "Billing",
            "actions": "update",
            "description": "Change billing information"
        }
    },
    {
        "model": "profiles.Permission",
        "pk": 4,
        "fields": {
            "app_name": "tickets",
            "model_name": "Ticket",
            "actions": "assign",
            "description": "Assign tickets"
        }
    },
    {
        "model": "profiles.Permission",
        "pk": 5,
        "fields": {
            "app_name": "tickets",
            "model_name": "Ticket",
            "actions": "retrieve, list",
            "description": "View tickets"
        }
    },
    {
        "model": "profiles.Permission",
        "pk": 6,
        "fields": {
            "app_name": "tickets",
            "model_name": "Ticket",
            "actions": "create",
            "description": "Create tickets"
        }
    },
    {
        "model": "profiles.Permission",
        "pk": 7,
        "fields": {
            "app_name": "tickets",
            "model_name": "Ticket",
            "actions": "respond", 
            "description": "Respond to tickets"
        }
    },
    {
        "model": "profiles.Permission",
        "pk": 8,
        "fields": {
            "app_name": "profiles",
            "model_name": "User",
            "actions": "change_role",
            "description": "Change member roles"
        }
    },
    {
        "model": "profiles.Permission",
        "pk": 9,
        "fields": {
            "app_name": "profiles",
            "model_name": "User",
            "actions": "add_member, remove_member",
            "description": "Add and remove members"
        }
    },
    {
        "model": "profiles.UserRole",
        "pk": 1,
        "fields": {
            "name": "staff"
        }
    },
    {
        "model": "profiles.UserRole",
        "pk": 2,
        "fields": {
            "name": "admin"
        }
    },
    {
        "model": "profiles.UserRole",
        "pk": 3,
        "fields": {
            "name": "named"
        }
    },
    {
        "model": "profiles.UserRole",
        "pk": 4,
        "fields": {
            "name": "user"
        }
    },
    {
        "model": "profiles.UserRolePermission",
        "pk": 1,
        "fields": {
            "role": 1,
            "permission": 2,
            "is_enabled": true
        }
    },
    {
        "model": "profiles.UserRolePermission",
        "pk": 2,
        "fields": {
            "role": 1,
            "permission": 3,
            "is_enabled": true
        }
    },
    {
        "model": "profiles.UserRolePermission",
        "pk": 3,
        "fields": {
            "role": 1,
            "permission": 4,
            "is_enabled": true
        }
    },
    {
        "model": "profiles.UserRolePermission",
        "pk": 4,
        "fields": {
            "role": 1,
            "permission": 5,
            "is_enabled": true
        }
    },
    {
        "model": "profiles.UserRolePermission",
        "pk": 5,
        "fields": {
            "role": 1,
            "permission": 6,
            "is_enabled": true
        }
    },
    {
        "model": "profiles.UserRolePermission",
        "pk": 6,
        "fields": {
            "role": 1,
            "permission": 7,
            "is_enabled": true
        }
    },
    {
        "model": "profiles.UserRolePermission",
        "pk": 7,
        "fields": {
            "role": 1,
            "permission": 8,
            "is_enabled": true
        }
    },
    {
        "model": "profiles.UserRolePermission",
        "pk": 8,
        "fields": {
            "role": 1,
            "permission": 9,
            "is_enabled": true
        }
    },
    {
        "model": "profiles.UserRolePermission",
        "pk": 9,
        "fields": {
            "role": 2,
            "permission": 2,
            "is_enabled": true
        }
    },
    {
        "model": "profiles.UserRolePermission",
        "pk": 10,
        "fields": {
            "role": 2,
            "permission": 3,
            "is_enabled": true
        }
    },
    {
        "model": "profiles.UserRolePermission",
        "pk": 11,
        "fields": {
            "role": 2,
            "permission": 5,
            "is_enabled": true
        }
    },
    {
        "model": "profiles.UserRolePermission",
        "pk": 12,
        "fields": {
            "role": 2,
            "permission": 6,
            "is_enabled": true
        }
    },
    {
        "model": "profiles.UserRolePermission",
        "pk": 13,
        "fields": {
            "role": 2,
            "permission": 7,
            "is_enabled": true
        }
    },
    {
        "model": "profiles.UserRolePermission",
        "pk": 14,
        "fields": {
            "role": 2,
            "permission": 8,
            "is_enabled": true
        }
    },
    {
        "model": "profiles.UserRolePermission",
        "pk": 15,
        "fields": {
            "role": 2,
            "permission": 9,
            "is_enabled": true
        }
    },
    {
        "model": "profiles.UserRolePermission",
        "pk": 16,
        "fields": {
            "role": 3,
            "permission": 5,
            "is_enabled": true
        }
    },
    {
        "model": "profiles.UserRolePermission",
        "pk": 17,
        "fields": {
            "role": 3,
            "permission": 6,
            "is_enabled": true
        }
    },
    {
        "model": "profiles.UserRolePermission",
        "pk": 18,
        "fields": {
            "role": 3,
            "permission": 7,
            "is_enabled": true
        }
    },
    {
        "model": "profiles.UserRolePermission",
        "pk": 19,
        "fields": {
            "role": 4,
            "permission": 5,
            "is_enabled": true
        }
    },
    {
        "model": "info.TicketStatus",
        "pk": 1,
        "fields": {
            "name": "new"
        }
    },
    {
        "model": "info.TicketStatus",
        "pk": 2,
        "fields": {
            "name": "assigned"
        }
    },
    {
        "model": "info.TicketStatus",
        "pk": 3,
        "fields": {
            "name": "inprogress"
        }
    },
    {
        "model": "info.TicketStatus",
        "pk": 4,
        "fields": {
            "name": "pending"
        }
    },
    {
        "model": "info.TicketStatus",
        "pk": 5,
        "fields": {
            "name": "close"
        }
    }
]